text,size
Middle East,1
Spaceflight,1
European rule in India,1
Literature by types of texts,1
Sensory system,1
Midwestern United States,1
Neuroscience,1
Vision,1
African countries,1
Magic,1
English people by county,1
Folklore,1
Symbolism,1
Art,337
Humans,337
History,338
Geography,538
Communication,559
Academic disciplines,559
Political geography,560
Biology,666
Categories by topic,731
Entertainment,763
Natural sciences,844
Scientific disciplines,852
Nature,1096
Society,1135
Humanities,1487
Culture,2308
Contents,2838
Science,3027
Social sciences,3103
Everyday life,3487
Articles,5787
